"0","#| label: fig-planes"
"0","#| fig-cap: Relationship between wing length and width"
"0","#| echo: false"
"0","#| warning: false"
"0","#| message: false"
"0",""
"0","analysis_data <- read_csv(here::here(""data/analysis_data/analysis_data.csv""))"
"0",""
"0","analysis_data |> "
"0","  ggplot(aes(x = width, y = length)) +"
"0","  geom_point(alpha = 0.8) +"
"0","  theme_minimal() +"
"0","  labs(x = ""Wing width (mm)"","
"0","       y = ""Wing length (mm)"")"
"1","[1m[33mError[39m in `geom_point()`:[22m
[38;5;232m[33m![38;5;232m Problem while computing aesthetics.
[36mℹ[38;5;232m Error occurred in the 1st layer.[39m
[1mCaused by error in `FUN()`:[22m
[33m![39m object 'width' not found
Backtrace:
[90m  1. [39m[1mbase[22m (local) `<fn>`(x)
[90m  2. [39mggplot2:::print.ggplot(x)
[90m  4. [39mggplot2:::ggplot_build.ggplot(x)
[90m  5. [39mggplot2:::by_layer(...)
[90m 12. [39mggplot2 (local) f(l = layers[[i]], d = data[[i]])
[90m 13. [39ml$compute_aesthetics(d, plot)
[90m 14. [39mggplot2 (local) compute_aesthetics(..., self = self)
[90m 15. [39m[1mbase[22m::lapply(aesthetics, eval_tidy, data = data, env = env)
[90m 16. [39m[1mrlang[22m (local) FUN(X[[i]], ...)
"
