{"chunk_definitions":[{"row":21,"row_count":1,"visible":true,"expansion_state":0,"options":{"include":false,"warning":false,"message":false,"engine":"r","label":"unnamed-chunk-19"},"document_id":"19F89CD7","chunk_id":"c697qkcyag2x2","chunk_label":"unnamed-chunk-1"},{"row":57,"row_count":1,"visible":true,"expansion_state":0,"options":{"fig-cap":"trend of crime over year","echo":false,"warning":false,"message":false,"engine":"r","label":"unnamed-chunk-44"},"document_id":"2486FF88","chunk_id":"c373fktkxrl9w","chunk_label":"Fig_report_year"},{"row":83,"row_count":1,"visible":true,"expansion_state":0,"options":{"fig-cap":"trend of reported crime in hours","echo":false,"warning":false,"message":false,"engine":"r","label":"unnamed-chunk-37"},"document_id":"2486FF88","chunk_id":"cpvah4wizcc49","chunk_label":"Fig_hour_report"},{"row":101,"row_count":1,"visible":true,"expansion_state":0,"options":{"fig-cap":"year vs primary_offence","echo":false,"warning":false,"message":false,"engine":"r","label":"unnamed-chunk-39"},"document_id":"2486FF88","chunk_id":"cghyrdag3zzd1","chunk_label":"Fig_year_primary_offence"},{"row":120,"row_count":1,"visible":true,"expansion_state":0,"options":{"fig-cap":"distribution of hate crime type","echo":false,"warning":false,"message":false,"engine":"r","label":"unnamed-chunk-40"},"document_id":"2486FF88","chunk_id":"c7xfnp0i1ktf8","chunk_label":"Fig_distribution_type"}],"doc_write_time":1727200582}