"0","#| label: Fig_distribution_type"
"0","#| fig-cap: distribution of hate crime type"
"0","#| echo: false"
"0","#| warning: false"
"0","#| message: false"
"0",""
"0","offence_counts <- data %>%"
"0","  count(primary_offence, sort = TRUE)"
"0",""
"0","ggplot(offence_counts, aes(x = reorder(primary_offence , n), y = n)) +"
"0","  geom_bar(stat = ""identity"", fill = ""purple2"") +"
"0","  coord_flip() +"
"0","  labs(title = ""Distribution of Offences by Type"", x = ""Offence Type"", y = ""Number of Occurrences"") +"
"0","  theme_minimal()"
"0",""
