"0","#| label: Fig_report_year"
"0","#| fig-cap: trend of crime over year"
"0","#| echo: false"
"0","#| warning: false"
"0","#| message: false"
"0",""
"0",""
"0","data <- read_csv(here::here(""data/analysis_data/analysis_data.csv""))"
"0",""
"0",""
"0","library(ggplot2)"
"0","library(dplyr)"
"0",""
"0","yearly_reports <- data %>%"
"0","  count(occurrence_year)"
"0",""
"0","ggplot(yearly_reports, aes(x = occurrence_year, y = n)) +"
"0","  geom_bar(stat = ""identity"", fill = ""orange"") +"
"0","  labs(title = ""Number of Reports per Year"", x = ""Year"", y = ""Number of Reports"") +"
"0","  theme_minimal()"
"0",""
