{"chunk_definitions":[{"row":28,"row_count":1,"visible":true,"expansion_state":0,"options":{"echo":false,"warning":false,"engine":"r","label":"unnamed-chunk-1"},"document_id":"0ED47AF5","chunk_id":"cbt12ppf1honk","chunk_label":"unnamed-chunk-1"},{"row":41,"row_count":1,"visible":true,"expansion_state":0,"options":{"echo":false,"warning":false,"engine":"r","label":"unnamed-chunk-3"},"document_id":"0ED47AF5","chunk_id":"ccbl1qu0oik7s","chunk_label":"unnamed-chunk-2"},{"row":47,"row_count":1,"visible":true,"expansion_state":0,"options":{"engine":"r","label":"unnamed-chunk-4"},"document_id":"0ED47AF5","chunk_id":"crolv9532jnt0","chunk_label":"unnamed-chunk-3"},{"row":52,"row_count":1,"visible":true,"expansion_state":0,"options":{"engine":"r","label":"unnamed-chunk-7"},"document_id":"0ED47AF5","chunk_id":"ck7zdove6kc07","chunk_label":"unnamed-chunk-4"}],"doc_write_time":1727063880}